Filepath,Dir,Filename
/workspaces/PersistenceComparison/xyz_data/babel/1.xyz,babel,1.xyz
/workspaces/PersistenceComparison/xyz_data/babel/2.xyz,babel,2.xyz
/workspaces/PersistenceComparison/xyz_data/babel/3.xyz,babel,3.xyz
/workspaces/PersistenceComparison/xyz_data/babel/4.xyz,babel,4.xyz
/workspaces/PersistenceComparison/xyz_data/babel/5.xyz,babel,5.xyz
/workspaces/PersistenceComparison/xyz_data/babel/6.xyz,babel,6.xyz
/workspaces/PersistenceComparison/xyz_data/babel/7.xyz,babel,7.xyz
/workspaces/PersistenceComparison/xyz_data/babel/8.xyz,babel,8.xyz
/workspaces/PersistenceComparison/xyz_data/babel/9.xyz,babel,9.xyz
/workspaces/PersistenceComparison/xyz_data/babel/10.xyz,babel,10.xyz
/workspaces/PersistenceComparison/xyz_data/babel/11.xyz,babel,11.xyz
/workspaces/PersistenceComparison/xyz_data/babel/12.xyz,babel,12.xyz
/workspaces/PersistenceComparison/xyz_data/babel/13.xyz,babel,13.xyz
/workspaces/PersistenceComparison/xyz_data/babel/14.xyz,babel,14.xyz
/workspaces/PersistenceComparison/xyz_data/babel/15.xyz,babel,15.xyz
/workspaces/PersistenceComparison/xyz_data/babel/16.xyz,babel,16.xyz
/workspaces/PersistenceComparison/xyz_data/babel/17.xyz,babel,17.xyz
/workspaces/PersistenceComparison/xyz_data/babel/18.xyz,babel,18.xyz
/workspaces/PersistenceComparison/xyz_data/babel/19.xyz,babel,19.xyz
/workspaces/PersistenceComparison/xyz_data/babel/20.xyz,babel,20.xyz
/workspaces/PersistenceComparison/xyz_data/babel/21.xyz,babel,21.xyz
/workspaces/PersistenceComparison/xyz_data/babel/22.xyz,babel,22.xyz
/workspaces/PersistenceComparison/xyz_data/babel/23.xyz,babel,23.xyz
/workspaces/PersistenceComparison/xyz_data/babel/24.xyz,babel,24.xyz
/workspaces/PersistenceComparison/xyz_data/babel/25.xyz,babel,25.xyz
/workspaces/PersistenceComparison/xyz_data/babel/26.xyz,babel,26.xyz
/workspaces/PersistenceComparison/xyz_data/babel/27.xyz,babel,27.xyz
/workspaces/PersistenceComparison/xyz_data/babel/28.xyz,babel,28.xyz
/workspaces/PersistenceComparison/xyz_data/babel/29.xyz,babel,29.xyz
/workspaces/PersistenceComparison/xyz_data/babel/30.xyz,babel,30.xyz
/workspaces/PersistenceComparison/xyz_data/babel/31.xyz,babel,31.xyz
/workspaces/PersistenceComparison/xyz_data/babel/32.xyz,babel,32.xyz
/workspaces/PersistenceComparison/xyz_data/babel/33.xyz,babel,33.xyz
/workspaces/PersistenceComparison/xyz_data/babel/34.xyz,babel,34.xyz
/workspaces/PersistenceComparison/xyz_data/babel/35.xyz,babel,35.xyz
/workspaces/PersistenceComparison/xyz_data/babel/36.xyz,babel,36.xyz
/workspaces/PersistenceComparison/xyz_data/babel/37.xyz,babel,37.xyz
/workspaces/PersistenceComparison/xyz_data/babel/38.xyz,babel,38.xyz
/workspaces/PersistenceComparison/xyz_data/babel/39.xyz,babel,39.xyz
/workspaces/PersistenceComparison/xyz_data/babel/40.xyz,babel,40.xyz
/workspaces/PersistenceComparison/xyz_data/babel/41.xyz,babel,41.xyz
/workspaces/PersistenceComparison/xyz_data/babel/42.xyz,babel,42.xyz
/workspaces/PersistenceComparison/xyz_data/babel/43.xyz,babel,43.xyz
/workspaces/PersistenceComparison/xyz_data/babel/44.xyz,babel,44.xyz
/workspaces/PersistenceComparison/xyz_data/babel/45.xyz,babel,45.xyz
/workspaces/PersistenceComparison/xyz_data/babel/46.xyz,babel,46.xyz
/workspaces/PersistenceComparison/xyz_data/babel/47.xyz,babel,47.xyz
/workspaces/PersistenceComparison/xyz_data/babel/48.xyz,babel,48.xyz
/workspaces/PersistenceComparison/xyz_data/babel/49.xyz,babel,49.xyz
/workspaces/PersistenceComparison/xyz_data/babel/50.xyz,babel,50.xyz
/workspaces/PersistenceComparison/xyz_data/babel/51.xyz,babel,51.xyz
/workspaces/PersistenceComparison/xyz_data/babel/52.xyz,babel,52.xyz
/workspaces/PersistenceComparison/xyz_data/babel/53.xyz,babel,53.xyz
/workspaces/PersistenceComparison/xyz_data/babel/54.xyz,babel,54.xyz
/workspaces/PersistenceComparison/xyz_data/babel/55.xyz,babel,55.xyz
/workspaces/PersistenceComparison/xyz_data/babel/56.xyz,babel,56.xyz
/workspaces/PersistenceComparison/xyz_data/babel/57.xyz,babel,57.xyz
/workspaces/PersistenceComparison/xyz_data/babel/58.xyz,babel,58.xyz
/workspaces/PersistenceComparison/xyz_data/babel/59.xyz,babel,59.xyz
/workspaces/PersistenceComparison/xyz_data/babel/60.xyz,babel,60.xyz
/workspaces/PersistenceComparison/xyz_data/babel/61.xyz,babel,61.xyz
/workspaces/PersistenceComparison/xyz_data/babel/62.xyz,babel,62.xyz
/workspaces/PersistenceComparison/xyz_data/babel/63.xyz,babel,63.xyz
/workspaces/PersistenceComparison/xyz_data/babel/64.xyz,babel,64.xyz
/workspaces/PersistenceComparison/xyz_data/babel/65.xyz,babel,65.xyz
/workspaces/PersistenceComparison/xyz_data/babel/66.xyz,babel,66.xyz
/workspaces/PersistenceComparison/xyz_data/babel/67.xyz,babel,67.xyz
/workspaces/PersistenceComparison/xyz_data/babel/68.xyz,babel,68.xyz
/workspaces/PersistenceComparison/xyz_data/babel/69.xyz,babel,69.xyz
/workspaces/PersistenceComparison/xyz_data/babel/70.xyz,babel,70.xyz
/workspaces/PersistenceComparison/xyz_data/babel/71.xyz,babel,71.xyz
/workspaces/PersistenceComparison/xyz_data/babel/72.xyz,babel,72.xyz
/workspaces/PersistenceComparison/xyz_data/babel/73.xyz,babel,73.xyz
/workspaces/PersistenceComparison/xyz_data/babel/74.xyz,babel,74.xyz
/workspaces/PersistenceComparison/xyz_data/babel/75.xyz,babel,75.xyz
/workspaces/PersistenceComparison/xyz_data/babel/76.xyz,babel,76.xyz
/workspaces/PersistenceComparison/xyz_data/babel/77.xyz,babel,77.xyz
/workspaces/PersistenceComparison/xyz_data/babel/78.xyz,babel,78.xyz
/workspaces/PersistenceComparison/xyz_data/babel/79.xyz,babel,79.xyz
/workspaces/PersistenceComparison/xyz_data/babel/80.xyz,babel,80.xyz
/workspaces/PersistenceComparison/xyz_data/babel/81.xyz,babel,81.xyz
/workspaces/PersistenceComparison/xyz_data/babel/82.xyz,babel,82.xyz
/workspaces/PersistenceComparison/xyz_data/babel/83.xyz,babel,83.xyz
/workspaces/PersistenceComparison/xyz_data/babel/84.xyz,babel,84.xyz
/workspaces/PersistenceComparison/xyz_data/babel/85.xyz,babel,85.xyz
/workspaces/PersistenceComparison/xyz_data/babel/86.xyz,babel,86.xyz
/workspaces/PersistenceComparison/xyz_data/babel/87.xyz,babel,87.xyz
/workspaces/PersistenceComparison/xyz_data/babel/88.xyz,babel,88.xyz
/workspaces/PersistenceComparison/xyz_data/babel/89.xyz,babel,89.xyz
/workspaces/PersistenceComparison/xyz_data/babel/90.xyz,babel,90.xyz
/workspaces/PersistenceComparison/xyz_data/babel/91.xyz,babel,91.xyz
/workspaces/PersistenceComparison/xyz_data/babel/92.xyz,babel,92.xyz
/workspaces/PersistenceComparison/xyz_data/babel/93.xyz,babel,93.xyz
/workspaces/PersistenceComparison/xyz_data/babel/94.xyz,babel,94.xyz
/workspaces/PersistenceComparison/xyz_data/babel/95.xyz,babel,95.xyz
/workspaces/PersistenceComparison/xyz_data/babel/96.xyz,babel,96.xyz
/workspaces/PersistenceComparison/xyz_data/babel/97.xyz,babel,97.xyz
/workspaces/PersistenceComparison/xyz_data/babel/98.xyz,babel,98.xyz
/workspaces/PersistenceComparison/xyz_data/babel/99.xyz,babel,99.xyz
/workspaces/PersistenceComparison/xyz_data/babel/100.xyz,babel,100.xyz
/workspaces/PersistenceComparison/xyz_data/babel/101.xyz,babel,101.xyz
/workspaces/PersistenceComparison/xyz_data/babel/102.xyz,babel,102.xyz
/workspaces/PersistenceComparison/xyz_data/babel/103.xyz,babel,103.xyz
/workspaces/PersistenceComparison/xyz_data/babel/104.xyz,babel,104.xyz
/workspaces/PersistenceComparison/xyz_data/babel/105.xyz,babel,105.xyz
/workspaces/PersistenceComparison/xyz_data/babel/106.xyz,babel,106.xyz
/workspaces/PersistenceComparison/xyz_data/babel/107.xyz,babel,107.xyz
/workspaces/PersistenceComparison/xyz_data/babel/108.xyz,babel,108.xyz
/workspaces/PersistenceComparison/xyz_data/babel/109.xyz,babel,109.xyz
/workspaces/PersistenceComparison/xyz_data/babel/110.xyz,babel,110.xyz
/workspaces/PersistenceComparison/xyz_data/babel/111.xyz,babel,111.xyz
/workspaces/PersistenceComparison/xyz_data/babel/112.xyz,babel,112.xyz
/workspaces/PersistenceComparison/xyz_data/babel/113.xyz,babel,113.xyz
/workspaces/PersistenceComparison/xyz_data/babel/114.xyz,babel,114.xyz
/workspaces/PersistenceComparison/xyz_data/babel/115.xyz,babel,115.xyz
/workspaces/PersistenceComparison/xyz_data/babel/116.xyz,babel,116.xyz
/workspaces/PersistenceComparison/xyz_data/babel/117.xyz,babel,117.xyz
/workspaces/PersistenceComparison/xyz_data/babel/118.xyz,babel,118.xyz
/workspaces/PersistenceComparison/xyz_data/babel/119.xyz,babel,119.xyz
/workspaces/PersistenceComparison/xyz_data/babel/120.xyz,babel,120.xyz
/workspaces/PersistenceComparison/xyz_data/babel/121.xyz,babel,121.xyz
/workspaces/PersistenceComparison/xyz_data/babel/122.xyz,babel,122.xyz
/workspaces/PersistenceComparison/xyz_data/babel/123.xyz,babel,123.xyz
/workspaces/PersistenceComparison/xyz_data/babel/124.xyz,babel,124.xyz
/workspaces/PersistenceComparison/xyz_data/babel/125.xyz,babel,125.xyz
/workspaces/PersistenceComparison/xyz_data/babel/126.xyz,babel,126.xyz
/workspaces/PersistenceComparison/xyz_data/babel/127.xyz,babel,127.xyz
/workspaces/PersistenceComparison/xyz_data/babel/128.xyz,babel,128.xyz
/workspaces/PersistenceComparison/xyz_data/babel/129.xyz,babel,129.xyz
/workspaces/PersistenceComparison/xyz_data/babel/130.xyz,babel,130.xyz
/workspaces/PersistenceComparison/xyz_data/babel/131.xyz,babel,131.xyz
/workspaces/PersistenceComparison/xyz_data/babel/132.xyz,babel,132.xyz
/workspaces/PersistenceComparison/xyz_data/babel/133.xyz,babel,133.xyz
/workspaces/PersistenceComparison/xyz_data/babel/134.xyz,babel,134.xyz
/workspaces/PersistenceComparison/xyz_data/babel/135.xyz,babel,135.xyz
/workspaces/PersistenceComparison/xyz_data/babel/136.xyz,babel,136.xyz
/workspaces/PersistenceComparison/xyz_data/babel/137.xyz,babel,137.xyz
/workspaces/PersistenceComparison/xyz_data/babel/138.xyz,babel,138.xyz
/workspaces/PersistenceComparison/xyz_data/babel/139.xyz,babel,139.xyz
/workspaces/PersistenceComparison/xyz_data/babel/140.xyz,babel,140.xyz
/workspaces/PersistenceComparison/xyz_data/babel/141.xyz,babel,141.xyz
/workspaces/PersistenceComparison/xyz_data/babel/142.xyz,babel,142.xyz
/workspaces/PersistenceComparison/xyz_data/babel/143.xyz,babel,143.xyz
/workspaces/PersistenceComparison/xyz_data/babel/144.xyz,babel,144.xyz
/workspaces/PersistenceComparison/xyz_data/babel/145.xyz,babel,145.xyz
/workspaces/PersistenceComparison/xyz_data/babel/146.xyz,babel,146.xyz
/workspaces/PersistenceComparison/xyz_data/babel/147.xyz,babel,147.xyz
/workspaces/PersistenceComparison/xyz_data/babel/148.xyz,babel,148.xyz
/workspaces/PersistenceComparison/xyz_data/babel/149.xyz,babel,149.xyz
/workspaces/PersistenceComparison/xyz_data/babel/150.xyz,babel,150.xyz
/workspaces/PersistenceComparison/xyz_data/babel/151.xyz,babel,151.xyz
/workspaces/PersistenceComparison/xyz_data/babel/152.xyz,babel,152.xyz
/workspaces/PersistenceComparison/xyz_data/babel/153.xyz,babel,153.xyz
/workspaces/PersistenceComparison/xyz_data/babel/154.xyz,babel,154.xyz
/workspaces/PersistenceComparison/xyz_data/babel/155.xyz,babel,155.xyz
/workspaces/PersistenceComparison/xyz_data/babel/156.xyz,babel,156.xyz
/workspaces/PersistenceComparison/xyz_data/babel/157.xyz,babel,157.xyz
/workspaces/PersistenceComparison/xyz_data/babel/158.xyz,babel,158.xyz
/workspaces/PersistenceComparison/xyz_data/babel/159.xyz,babel,159.xyz
/workspaces/PersistenceComparison/xyz_data/babel/160.xyz,babel,160.xyz
/workspaces/PersistenceComparison/xyz_data/babel/161.xyz,babel,161.xyz
/workspaces/PersistenceComparison/xyz_data/babel/162.xyz,babel,162.xyz
/workspaces/PersistenceComparison/xyz_data/babel/163.xyz,babel,163.xyz
/workspaces/PersistenceComparison/xyz_data/babel/164.xyz,babel,164.xyz
/workspaces/PersistenceComparison/xyz_data/babel/165.xyz,babel,165.xyz
/workspaces/PersistenceComparison/xyz_data/babel/166.xyz,babel,166.xyz
/workspaces/PersistenceComparison/xyz_data/babel/167.xyz,babel,167.xyz
/workspaces/PersistenceComparison/xyz_data/babel/168.xyz,babel,168.xyz
/workspaces/PersistenceComparison/xyz_data/babel/169.xyz,babel,169.xyz
/workspaces/PersistenceComparison/xyz_data/babel/170.xyz,babel,170.xyz
/workspaces/PersistenceComparison/xyz_data/babel/171.xyz,babel,171.xyz
/workspaces/PersistenceComparison/xyz_data/babel/172.xyz,babel,172.xyz
/workspaces/PersistenceComparison/xyz_data/babel/173.xyz,babel,173.xyz
/workspaces/PersistenceComparison/xyz_data/babel/174.xyz,babel,174.xyz
/workspaces/PersistenceComparison/xyz_data/babel/175.xyz,babel,175.xyz
/workspaces/PersistenceComparison/xyz_data/babel/176.xyz,babel,176.xyz
/workspaces/PersistenceComparison/xyz_data/babel/177.xyz,babel,177.xyz
/workspaces/PersistenceComparison/xyz_data/babel/178.xyz,babel,178.xyz
/workspaces/PersistenceComparison/xyz_data/babel/179.xyz,babel,179.xyz
/workspaces/PersistenceComparison/xyz_data/babel/180.xyz,babel,180.xyz
/workspaces/PersistenceComparison/xyz_data/babel/181.xyz,babel,181.xyz
/workspaces/PersistenceComparison/xyz_data/babel/182.xyz,babel,182.xyz
/workspaces/PersistenceComparison/xyz_data/babel/183.xyz,babel,183.xyz
/workspaces/PersistenceComparison/xyz_data/babel/184.xyz,babel,184.xyz
/workspaces/PersistenceComparison/xyz_data/babel/185.xyz,babel,185.xyz
/workspaces/PersistenceComparison/xyz_data/babel/186.xyz,babel,186.xyz
/workspaces/PersistenceComparison/xyz_data/babel/187.xyz,babel,187.xyz
/workspaces/PersistenceComparison/xyz_data/babel/188.xyz,babel,188.xyz
/workspaces/PersistenceComparison/xyz_data/babel/189.xyz,babel,189.xyz
/workspaces/PersistenceComparison/xyz_data/babel/190.xyz,babel,190.xyz
/workspaces/PersistenceComparison/xyz_data/babel/191.xyz,babel,191.xyz
/workspaces/PersistenceComparison/xyz_data/babel/192.xyz,babel,192.xyz
/workspaces/PersistenceComparison/xyz_data/babel/193.xyz,babel,193.xyz
/workspaces/PersistenceComparison/xyz_data/babel/194.xyz,babel,194.xyz
/workspaces/PersistenceComparison/xyz_data/babel/195.xyz,babel,195.xyz
/workspaces/PersistenceComparison/xyz_data/babel/196.xyz,babel,196.xyz
/workspaces/PersistenceComparison/xyz_data/babel/197.xyz,babel,197.xyz
/workspaces/PersistenceComparison/xyz_data/babel/198.xyz,babel,198.xyz
/workspaces/PersistenceComparison/xyz_data/babel/199.xyz,babel,199.xyz
/workspaces/PersistenceComparison/xyz_data/babel/200.xyz,babel,200.xyz
/workspaces/PersistenceComparison/xyz_data/babel/201.xyz,babel,201.xyz
/workspaces/PersistenceComparison/xyz_data/babel/202.xyz,babel,202.xyz
/workspaces/PersistenceComparison/xyz_data/babel/203.xyz,babel,203.xyz
/workspaces/PersistenceComparison/xyz_data/babel/204.xyz,babel,204.xyz
/workspaces/PersistenceComparison/xyz_data/babel/205.xyz,babel,205.xyz
/workspaces/PersistenceComparison/xyz_data/babel/206.xyz,babel,206.xyz
/workspaces/PersistenceComparison/xyz_data/babel/207.xyz,babel,207.xyz
/workspaces/PersistenceComparison/xyz_data/babel/208.xyz,babel,208.xyz
/workspaces/PersistenceComparison/xyz_data/babel/209.xyz,babel,209.xyz
/workspaces/PersistenceComparison/xyz_data/babel/210.xyz,babel,210.xyz
/workspaces/PersistenceComparison/xyz_data/babel/211.xyz,babel,211.xyz
/workspaces/PersistenceComparison/xyz_data/babel/212.xyz,babel,212.xyz
/workspaces/PersistenceComparison/xyz_data/babel/213.xyz,babel,213.xyz
/workspaces/PersistenceComparison/xyz_data/babel/214.xyz,babel,214.xyz
/workspaces/PersistenceComparison/xyz_data/babel/215.xyz,babel,215.xyz
/workspaces/PersistenceComparison/xyz_data/babel/216.xyz,babel,216.xyz
/workspaces/PersistenceComparison/xyz_data/babel/217.xyz,babel,217.xyz
/workspaces/PersistenceComparison/xyz_data/babel/218.xyz,babel,218.xyz
/workspaces/PersistenceComparison/xyz_data/co2folder/1.xyz,co2folder,1.xyz
/workspaces/PersistenceComparison/xyz_data/co2folder/2.xyz,co2folder,2.xyz
/workspaces/PersistenceComparison/xyz_data/co2folder/3.xyz,co2folder,3.xyz
/workspaces/PersistenceComparison/xyz_data/co2folder/4.xyz,co2folder,4.xyz
/workspaces/PersistenceComparison/xyz_data/co2folder/5.xyz,co2folder,5.xyz
/workspaces/PersistenceComparison/xyz_data/co2folder/6.xyz,co2folder,6.xyz
/workspaces/PersistenceComparison/xyz_data/co2folder/7.xyz,co2folder,7.xyz
/workspaces/PersistenceComparison/xyz_data/co2folder/8.xyz,co2folder,8.xyz
/workspaces/PersistenceComparison/xyz_data/co2folder/9.xyz,co2folder,9.xyz
/workspaces/PersistenceComparison/xyz_data/co2folder/10.xyz,co2folder,10.xyz
/workspaces/PersistenceComparison/xyz_data/co2folder/11.xyz,co2folder,11.xyz
/workspaces/PersistenceComparison/xyz_data/co2folder/12.xyz,co2folder,12.xyz
/workspaces/PersistenceComparison/xyz_data/co2folder/13.xyz,co2folder,13.xyz
/workspaces/PersistenceComparison/xyz_data/co2folder/14.xyz,co2folder,14.xyz
/workspaces/PersistenceComparison/xyz_data/co2folder/15.xyz,co2folder,15.xyz
/workspaces/PersistenceComparison/xyz_data/co2folder/16.xyz,co2folder,16.xyz
/workspaces/PersistenceComparison/xyz_data/co2folder/17.xyz,co2folder,17.xyz
/workspaces/PersistenceComparison/xyz_data/co2folder/18.xyz,co2folder,18.xyz
/workspaces/PersistenceComparison/xyz_data/co2folder/19.xyz,co2folder,19.xyz
/workspaces/PersistenceComparison/xyz_data/co2folder/20.xyz,co2folder,20.xyz
/workspaces/PersistenceComparison/xyz_data/co2folder/21.xyz,co2folder,21.xyz
/workspaces/PersistenceComparison/xyz_data/co2folder/22.xyz,co2folder,22.xyz
/workspaces/PersistenceComparison/xyz_data/co2folder/23.xyz,co2folder,23.xyz
/workspaces/PersistenceComparison/xyz_data/co2folder/24.xyz,co2folder,24.xyz
/workspaces/PersistenceComparison/xyz_data/co2folder/25.xyz,co2folder,25.xyz
/workspaces/PersistenceComparison/xyz_data/co2folder/26.xyz,co2folder,26.xyz
/workspaces/PersistenceComparison/xyz_data/co2folder/27.xyz,co2folder,27.xyz
/workspaces/PersistenceComparison/xyz_data/co2folder/28.xyz,co2folder,28.xyz
/workspaces/PersistenceComparison/xyz_data/co2folder/29.xyz,co2folder,29.xyz
/workspaces/PersistenceComparison/xyz_data/co2folder/30.xyz,co2folder,30.xyz
/workspaces/PersistenceComparison/xyz_data/co2folder/31.xyz,co2folder,31.xyz
/workspaces/PersistenceComparison/xyz_data/co2folder/32.xyz,co2folder,32.xyz
/workspaces/PersistenceComparison/xyz_data/co2folder/33.xyz,co2folder,33.xyz
/workspaces/PersistenceComparison/xyz_data/co2folder/34.xyz,co2folder,34.xyz
/workspaces/PersistenceComparison/xyz_data/co2folder/35.xyz,co2folder,35.xyz
/workspaces/PersistenceComparison/xyz_data/co2folder/36.xyz,co2folder,36.xyz
/workspaces/PersistenceComparison/xyz_data/co2folder/37.xyz,co2folder,37.xyz
/workspaces/PersistenceComparison/xyz_data/co2folder/38.xyz,co2folder,38.xyz
/workspaces/PersistenceComparison/xyz_data/co2folder/39.xyz,co2folder,39.xyz
/workspaces/PersistenceComparison/xyz_data/co2folder/40.xyz,co2folder,40.xyz
/workspaces/PersistenceComparison/xyz_data/co2folder/41.xyz,co2folder,41.xyz
/workspaces/PersistenceComparison/xyz_data/co2folder/42.xyz,co2folder,42.xyz
/workspaces/PersistenceComparison/xyz_data/co2folder/43.xyz,co2folder,43.xyz
/workspaces/PersistenceComparison/xyz_data/co2folder/44.xyz,co2folder,44.xyz
/workspaces/PersistenceComparison/xyz_data/co2folder/45.xyz,co2folder,45.xyz
/workspaces/PersistenceComparison/xyz_data/co2folder/46.xyz,co2folder,46.xyz
/workspaces/PersistenceComparison/xyz_data/co2folder/47.xyz,co2folder,47.xyz
/workspaces/PersistenceComparison/xyz_data/co2folder/48.xyz,co2folder,48.xyz
/workspaces/PersistenceComparison/xyz_data/co2folder/49.xyz,co2folder,49.xyz
/workspaces/PersistenceComparison/xyz_data/co2folder/50.xyz,co2folder,50.xyz
/workspaces/PersistenceComparison/xyz_data/co2folder/51.xyz,co2folder,51.xyz
/workspaces/PersistenceComparison/xyz_data/co2folder/52.xyz,co2folder,52.xyz
/workspaces/PersistenceComparison/xyz_data/co2folder/53.xyz,co2folder,53.xyz
/workspaces/PersistenceComparison/xyz_data/co2folder/54.xyz,co2folder,54.xyz
/workspaces/PersistenceComparison/xyz_data/co2folder/55.xyz,co2folder,55.xyz
/workspaces/PersistenceComparison/xyz_data/co2folder/56.xyz,co2folder,56.xyz
/workspaces/PersistenceComparison/xyz_data/co2folder/57.xyz,co2folder,57.xyz
/workspaces/PersistenceComparison/xyz_data/co2folder/58.xyz,co2folder,58.xyz
/workspaces/PersistenceComparison/xyz_data/co2folder/59.xyz,co2folder,59.xyz
/workspaces/PersistenceComparison/xyz_data/co2folder/60.xyz,co2folder,60.xyz
/workspaces/PersistenceComparison/xyz_data/co2folder/61.xyz,co2folder,61.xyz
/workspaces/PersistenceComparison/xyz_data/co2folder/62.xyz,co2folder,62.xyz
/workspaces/PersistenceComparison/xyz_data/co2folder/63.xyz,co2folder,63.xyz
/workspaces/PersistenceComparison/xyz_data/co2folder/64.xyz,co2folder,64.xyz
/workspaces/PersistenceComparison/xyz_data/co2folder/65.xyz,co2folder,65.xyz
/workspaces/PersistenceComparison/xyz_data/co2folder/66.xyz,co2folder,66.xyz
/workspaces/PersistenceComparison/xyz_data/co2folder/67.xyz,co2folder,67.xyz
/workspaces/PersistenceComparison/xyz_data/co2folder/68.xyz,co2folder,68.xyz
/workspaces/PersistenceComparison/xyz_data/co2folder/69.xyz,co2folder,69.xyz
/workspaces/PersistenceComparison/xyz_data/co2folder/70.xyz,co2folder,70.xyz
/workspaces/PersistenceComparison/xyz_data/co2folder/71.xyz,co2folder,71.xyz
/workspaces/PersistenceComparison/xyz_data/co2folder/72.xyz,co2folder,72.xyz
/workspaces/PersistenceComparison/xyz_data/co2folder/73.xyz,co2folder,73.xyz
/workspaces/PersistenceComparison/xyz_data/co2folder/74.xyz,co2folder,74.xyz
/workspaces/PersistenceComparison/xyz_data/co2folder/75.xyz,co2folder,75.xyz
/workspaces/PersistenceComparison/xyz_data/co2folder/76.xyz,co2folder,76.xyz
/workspaces/PersistenceComparison/xyz_data/co2folder/77.xyz,co2folder,77.xyz
/workspaces/PersistenceComparison/xyz_data/co2folder/78.xyz,co2folder,78.xyz
/workspaces/PersistenceComparison/xyz_data/co2folder/79.xyz,co2folder,79.xyz
/workspaces/PersistenceComparison/xyz_data/co2folder/80.xyz,co2folder,80.xyz
/workspaces/PersistenceComparison/xyz_data/co2folder/81.xyz,co2folder,81.xyz
/workspaces/PersistenceComparison/xyz_data/co2folder/82.xyz,co2folder,82.xyz
/workspaces/PersistenceComparison/xyz_data/co2folder/83.xyz,co2folder,83.xyz
/workspaces/PersistenceComparison/xyz_data/co2folder/84.xyz,co2folder,84.xyz
/workspaces/PersistenceComparison/xyz_data/co2folder/85.xyz,co2folder,85.xyz
/workspaces/PersistenceComparison/xyz_data/co2folder/86.xyz,co2folder,86.xyz
/workspaces/PersistenceComparison/xyz_data/co2folder/87.xyz,co2folder,87.xyz
/workspaces/PersistenceComparison/xyz_data/co2folder/88.xyz,co2folder,88.xyz
/workspaces/PersistenceComparison/xyz_data/co2folder/89.xyz,co2folder,89.xyz
/workspaces/PersistenceComparison/xyz_data/co2folder/90.xyz,co2folder,90.xyz
/workspaces/PersistenceComparison/xyz_data/co2folder/91.xyz,co2folder,91.xyz
/workspaces/PersistenceComparison/xyz_data/co2folder/92.xyz,co2folder,92.xyz
/workspaces/PersistenceComparison/xyz_data/co2folder/93.xyz,co2folder,93.xyz
/workspaces/PersistenceComparison/xyz_data/co2folder/94.xyz,co2folder,94.xyz
/workspaces/PersistenceComparison/xyz_data/co2folder/95.xyz,co2folder,95.xyz
/workspaces/PersistenceComparison/xyz_data/co2folder/96.xyz,co2folder,96.xyz
/workspaces/PersistenceComparison/xyz_data/co2folder/97.xyz,co2folder,97.xyz
/workspaces/PersistenceComparison/xyz_data/co2folder/98.xyz,co2folder,98.xyz
/workspaces/PersistenceComparison/xyz_data/co2folder/99.xyz,co2folder,99.xyz
/workspaces/PersistenceComparison/xyz_data/co2folder/100.xyz,co2folder,100.xyz
/workspaces/PersistenceComparison/xyz_data/co2folder/101.xyz,co2folder,101.xyz
/workspaces/PersistenceComparison/xyz_data/co2folder/102.xyz,co2folder,102.xyz
/workspaces/PersistenceComparison/xyz_data/co2folder/103.xyz,co2folder,103.xyz
/workspaces/PersistenceComparison/xyz_data/co2folder/104.xyz,co2folder,104.xyz
/workspaces/PersistenceComparison/xyz_data/co2folder/105.xyz,co2folder,105.xyz
/workspaces/PersistenceComparison/xyz_data/co2folder/106.xyz,co2folder,106.xyz
/workspaces/PersistenceComparison/xyz_data/co2folder/107.xyz,co2folder,107.xyz
/workspaces/PersistenceComparison/xyz_data/co2folder/108.xyz,co2folder,108.xyz
/workspaces/PersistenceComparison/xyz_data/co2folder/109.xyz,co2folder,109.xyz
/workspaces/PersistenceComparison/xyz_data/co2folder/110.xyz,co2folder,110.xyz
/workspaces/PersistenceComparison/xyz_data/co2folder/111.xyz,co2folder,111.xyz
/workspaces/PersistenceComparison/xyz_data/co2folder/112.xyz,co2folder,112.xyz
/workspaces/PersistenceComparison/xyz_data/co2folder/113.xyz,co2folder,113.xyz
/workspaces/PersistenceComparison/xyz_data/co2folder/114.xyz,co2folder,114.xyz
/workspaces/PersistenceComparison/xyz_data/co2folder/115.xyz,co2folder,115.xyz
/workspaces/PersistenceComparison/xyz_data/co2folder/116.xyz,co2folder,116.xyz
/workspaces/PersistenceComparison/xyz_data/co2folder/117.xyz,co2folder,117.xyz
/workspaces/PersistenceComparison/xyz_data/co2folder/118.xyz,co2folder,118.xyz
/workspaces/PersistenceComparison/xyz_data/co2folder/119.xyz,co2folder,119.xyz
/workspaces/PersistenceComparison/xyz_data/co2folder/120.xyz,co2folder,120.xyz
/workspaces/PersistenceComparison/xyz_data/co2folder/121.xyz,co2folder,121.xyz
/workspaces/PersistenceComparison/xyz_data/co2folder/122.xyz,co2folder,122.xyz
/workspaces/PersistenceComparison/xyz_data/co2folder/123.xyz,co2folder,123.xyz
/workspaces/PersistenceComparison/xyz_data/co2folder/124.xyz,co2folder,124.xyz
/workspaces/PersistenceComparison/xyz_data/co2folder/125.xyz,co2folder,125.xyz
/workspaces/PersistenceComparison/xyz_data/co2folder/126.xyz,co2folder,126.xyz
/workspaces/PersistenceComparison/xyz_data/co2folder/127.xyz,co2folder,127.xyz
/workspaces/PersistenceComparison/xyz_data/co2folder/128.xyz,co2folder,128.xyz
/workspaces/PersistenceComparison/xyz_data/co2folder/129.xyz,co2folder,129.xyz
/workspaces/PersistenceComparison/xyz_data/co2folder/130.xyz,co2folder,130.xyz
/workspaces/PersistenceComparison/xyz_data/co2folder/131.xyz,co2folder,131.xyz
/workspaces/PersistenceComparison/xyz_data/co2folder/132.xyz,co2folder,132.xyz
/workspaces/PersistenceComparison/xyz_data/co2folder/133.xyz,co2folder,133.xyz
/workspaces/PersistenceComparison/xyz_data/co2folder/134.xyz,co2folder,134.xyz
/workspaces/PersistenceComparison/xyz_data/co2folder/135.xyz,co2folder,135.xyz
/workspaces/PersistenceComparison/xyz_data/co2folder/136.xyz,co2folder,136.xyz
/workspaces/PersistenceComparison/xyz_data/co2folder/137.xyz,co2folder,137.xyz
/workspaces/PersistenceComparison/xyz_data/co2folder/138.xyz,co2folder,138.xyz
/workspaces/PersistenceComparison/xyz_data/co2folder/139.xyz,co2folder,139.xyz
/workspaces/PersistenceComparison/xyz_data/co2folder/140.xyz,co2folder,140.xyz
/workspaces/PersistenceComparison/xyz_data/co2folder/141.xyz,co2folder,141.xyz
/workspaces/PersistenceComparison/xyz_data/co2folder/142.xyz,co2folder,142.xyz
/workspaces/PersistenceComparison/xyz_data/co2folder/143.xyz,co2folder,143.xyz
/workspaces/PersistenceComparison/xyz_data/co2folder/144.xyz,co2folder,144.xyz
/workspaces/PersistenceComparison/xyz_data/co2folder/145.xyz,co2folder,145.xyz
/workspaces/PersistenceComparison/xyz_data/co2folder/146.xyz,co2folder,146.xyz
/workspaces/PersistenceComparison/xyz_data/co2folder/147.xyz,co2folder,147.xyz
/workspaces/PersistenceComparison/xyz_data/co2folder/148.xyz,co2folder,148.xyz
/workspaces/PersistenceComparison/xyz_data/co2folder/149.xyz,co2folder,149.xyz
/workspaces/PersistenceComparison/xyz_data/co2folder/150.xyz,co2folder,150.xyz
/workspaces/PersistenceComparison/xyz_data/co2folder/151.xyz,co2folder,151.xyz
/workspaces/PersistenceComparison/xyz_data/co2folder/152.xyz,co2folder,152.xyz
/workspaces/PersistenceComparison/xyz_data/co2folder/153.xyz,co2folder,153.xyz
/workspaces/PersistenceComparison/xyz_data/co2folder/154.xyz,co2folder,154.xyz
/workspaces/PersistenceComparison/xyz_data/co2folder/155.xyz,co2folder,155.xyz
/workspaces/PersistenceComparison/xyz_data/co2folder/156.xyz,co2folder,156.xyz
/workspaces/PersistenceComparison/xyz_data/co2folder/157.xyz,co2folder,157.xyz
/workspaces/PersistenceComparison/xyz_data/co2folder/158.xyz,co2folder,158.xyz
/workspaces/PersistenceComparison/xyz_data/co2folder/159.xyz,co2folder,159.xyz
/workspaces/PersistenceComparison/xyz_data/co2folder/160.xyz,co2folder,160.xyz
/workspaces/PersistenceComparison/xyz_data/co2folder/161.xyz,co2folder,161.xyz
/workspaces/PersistenceComparison/xyz_data/co2folder/162.xyz,co2folder,162.xyz
/workspaces/PersistenceComparison/xyz_data/co2folder/163.xyz,co2folder,163.xyz
/workspaces/PersistenceComparison/xyz_data/co2folder/164.xyz,co2folder,164.xyz
/workspaces/PersistenceComparison/xyz_data/co2folder/165.xyz,co2folder,165.xyz
/workspaces/PersistenceComparison/xyz_data/co2folder/166.xyz,co2folder,166.xyz
/workspaces/PersistenceComparison/xyz_data/co2folder/167.xyz,co2folder,167.xyz
/workspaces/PersistenceComparison/xyz_data/co2folder/168.xyz,co2folder,168.xyz
/workspaces/PersistenceComparison/xyz_data/co2folder/169.xyz,co2folder,169.xyz
/workspaces/PersistenceComparison/xyz_data/co2folder/170.xyz,co2folder,170.xyz
/workspaces/PersistenceComparison/xyz_data/co2folder/171.xyz,co2folder,171.xyz
/workspaces/PersistenceComparison/xyz_data/co2folder/172.xyz,co2folder,172.xyz
/workspaces/PersistenceComparison/xyz_data/co2folder/173.xyz,co2folder,173.xyz
/workspaces/PersistenceComparison/xyz_data/co2folder/174.xyz,co2folder,174.xyz
/workspaces/PersistenceComparison/xyz_data/co2folder/175.xyz,co2folder,175.xyz
/workspaces/PersistenceComparison/xyz_data/co2folder/176.xyz,co2folder,176.xyz
/workspaces/PersistenceComparison/xyz_data/co2folder/177.xyz,co2folder,177.xyz
/workspaces/PersistenceComparison/xyz_data/co2folder/178.xyz,co2folder,178.xyz
/workspaces/PersistenceComparison/xyz_data/co2folder/179.xyz,co2folder,179.xyz
/workspaces/PersistenceComparison/xyz_data/co2folder/180.xyz,co2folder,180.xyz
/workspaces/PersistenceComparison/xyz_data/co2folder/181.xyz,co2folder,181.xyz
/workspaces/PersistenceComparison/xyz_data/co2folder/182.xyz,co2folder,182.xyz
/workspaces/PersistenceComparison/xyz_data/co2folder/183.xyz,co2folder,183.xyz
/workspaces/PersistenceComparison/xyz_data/co2folder/184.xyz,co2folder,184.xyz
/workspaces/PersistenceComparison/xyz_data/co2folder/185.xyz,co2folder,185.xyz
/workspaces/PersistenceComparison/xyz_data/co2folder/186.xyz,co2folder,186.xyz
/workspaces/PersistenceComparison/xyz_data/co2folder/187.xyz,co2folder,187.xyz
/workspaces/PersistenceComparison/xyz_data/co2folder/188.xyz,co2folder,188.xyz
/workspaces/PersistenceComparison/xyz_data/co2folder/189.xyz,co2folder,189.xyz
/workspaces/PersistenceComparison/xyz_data/co2folder/190.xyz,co2folder,190.xyz
/workspaces/PersistenceComparison/xyz_data/co2folder/191.xyz,co2folder,191.xyz
/workspaces/PersistenceComparison/xyz_data/co2folder/192.xyz,co2folder,192.xyz
/workspaces/PersistenceComparison/xyz_data/co2folder/193.xyz,co2folder,193.xyz
/workspaces/PersistenceComparison/xyz_data/co2folder/194.xyz,co2folder,194.xyz
/workspaces/PersistenceComparison/xyz_data/co2folder/195.xyz,co2folder,195.xyz
/workspaces/PersistenceComparison/xyz_data/co2folder/196.xyz,co2folder,196.xyz
/workspaces/PersistenceComparison/xyz_data/co2folder/197.xyz,co2folder,197.xyz
/workspaces/PersistenceComparison/xyz_data/co2folder/198.xyz,co2folder,198.xyz
/workspaces/PersistenceComparison/xyz_data/co2folder/199.xyz,co2folder,199.xyz
/workspaces/PersistenceComparison/xyz_data/co2folder/200.xyz,co2folder,200.xyz
/workspaces/PersistenceComparison/xyz_data/co2folder/201.xyz,co2folder,201.xyz
/workspaces/PersistenceComparison/xyz_data/co2folder/202.xyz,co2folder,202.xyz
/workspaces/PersistenceComparison/xyz_data/co2folder/203.xyz,co2folder,203.xyz
/workspaces/PersistenceComparison/xyz_data/co2folder/204.xyz,co2folder,204.xyz
/workspaces/PersistenceComparison/xyz_data/co2folder/205.xyz,co2folder,205.xyz
/workspaces/PersistenceComparison/xyz_data/co2folder/206.xyz,co2folder,206.xyz
/workspaces/PersistenceComparison/xyz_data/co2folder/207.xyz,co2folder,207.xyz
/workspaces/PersistenceComparison/xyz_data/co2folder/208.xyz,co2folder,208.xyz
/workspaces/PersistenceComparison/xyz_data/co2folder/209.xyz,co2folder,209.xyz
/workspaces/PersistenceComparison/xyz_data/co2folder/210.xyz,co2folder,210.xyz
/workspaces/PersistenceComparison/xyz_data/co2folder/211.xyz,co2folder,211.xyz
/workspaces/PersistenceComparison/xyz_data/co2folder/212.xyz,co2folder,212.xyz
/workspaces/PersistenceComparison/xyz_data/co2folder/213.xyz,co2folder,213.xyz
/workspaces/PersistenceComparison/xyz_data/co2folder/214.xyz,co2folder,214.xyz
/workspaces/PersistenceComparison/xyz_data/co2folder/215.xyz,co2folder,215.xyz
/workspaces/PersistenceComparison/xyz_data/co2folder/216.xyz,co2folder,216.xyz
/workspaces/PersistenceComparison/xyz_data/co2folder/217.xyz,co2folder,217.xyz
/workspaces/PersistenceComparison/xyz_data/co2folder/218.xyz,co2folder,218.xyz
/workspaces/PersistenceComparison/xyz_data/monomerfolder/1.xyz,monomerfolder,1.xyz
/workspaces/PersistenceComparison/xyz_data/monomerfolder/2.xyz,monomerfolder,2.xyz
/workspaces/PersistenceComparison/xyz_data/monomerfolder/3.xyz,monomerfolder,3.xyz
/workspaces/PersistenceComparison/xyz_data/monomerfolder/4.xyz,monomerfolder,4.xyz
/workspaces/PersistenceComparison/xyz_data/monomerfolder/5.xyz,monomerfolder,5.xyz
/workspaces/PersistenceComparison/xyz_data/monomerfolder/6.xyz,monomerfolder,6.xyz
/workspaces/PersistenceComparison/xyz_data/monomerfolder/7.xyz,monomerfolder,7.xyz
/workspaces/PersistenceComparison/xyz_data/monomerfolder/8.xyz,monomerfolder,8.xyz
/workspaces/PersistenceComparison/xyz_data/monomerfolder/9.xyz,monomerfolder,9.xyz
/workspaces/PersistenceComparison/xyz_data/monomerfolder/10.xyz,monomerfolder,10.xyz
/workspaces/PersistenceComparison/xyz_data/monomerfolder/11.xyz,monomerfolder,11.xyz
/workspaces/PersistenceComparison/xyz_data/monomerfolder/12.xyz,monomerfolder,12.xyz
/workspaces/PersistenceComparison/xyz_data/monomerfolder/13.xyz,monomerfolder,13.xyz
/workspaces/PersistenceComparison/xyz_data/monomerfolder/14.xyz,monomerfolder,14.xyz
/workspaces/PersistenceComparison/xyz_data/monomerfolder/15.xyz,monomerfolder,15.xyz
/workspaces/PersistenceComparison/xyz_data/monomerfolder/16.xyz,monomerfolder,16.xyz
/workspaces/PersistenceComparison/xyz_data/monomerfolder/17.xyz,monomerfolder,17.xyz
/workspaces/PersistenceComparison/xyz_data/monomerfolder/18.xyz,monomerfolder,18.xyz
/workspaces/PersistenceComparison/xyz_data/monomerfolder/19.xyz,monomerfolder,19.xyz
/workspaces/PersistenceComparison/xyz_data/monomerfolder/20.xyz,monomerfolder,20.xyz
/workspaces/PersistenceComparison/xyz_data/monomerfolder/21.xyz,monomerfolder,21.xyz
/workspaces/PersistenceComparison/xyz_data/monomerfolder/22.xyz,monomerfolder,22.xyz
/workspaces/PersistenceComparison/xyz_data/monomerfolder/23.xyz,monomerfolder,23.xyz
/workspaces/PersistenceComparison/xyz_data/monomerfolder/24.xyz,monomerfolder,24.xyz
/workspaces/PersistenceComparison/xyz_data/monomerfolder/25.xyz,monomerfolder,25.xyz
/workspaces/PersistenceComparison/xyz_data/monomerfolder/26.xyz,monomerfolder,26.xyz
/workspaces/PersistenceComparison/xyz_data/monomerfolder/27.xyz,monomerfolder,27.xyz
/workspaces/PersistenceComparison/xyz_data/monomerfolder/28.xyz,monomerfolder,28.xyz
/workspaces/PersistenceComparison/xyz_data/monomerfolder/29.xyz,monomerfolder,29.xyz
/workspaces/PersistenceComparison/xyz_data/monomerfolder/30.xyz,monomerfolder,30.xyz
/workspaces/PersistenceComparison/xyz_data/monomerfolder/31.xyz,monomerfolder,31.xyz
/workspaces/PersistenceComparison/xyz_data/monomerfolder/32.xyz,monomerfolder,32.xyz
/workspaces/PersistenceComparison/xyz_data/monomerfolder/33.xyz,monomerfolder,33.xyz
/workspaces/PersistenceComparison/xyz_data/monomerfolder/34.xyz,monomerfolder,34.xyz
/workspaces/PersistenceComparison/xyz_data/monomerfolder/35.xyz,monomerfolder,35.xyz
/workspaces/PersistenceComparison/xyz_data/monomerfolder/36.xyz,monomerfolder,36.xyz
/workspaces/PersistenceComparison/xyz_data/monomerfolder/37.xyz,monomerfolder,37.xyz
/workspaces/PersistenceComparison/xyz_data/monomerfolder/38.xyz,monomerfolder,38.xyz
/workspaces/PersistenceComparison/xyz_data/monomerfolder/39.xyz,monomerfolder,39.xyz
/workspaces/PersistenceComparison/xyz_data/monomerfolder/40.xyz,monomerfolder,40.xyz
/workspaces/PersistenceComparison/xyz_data/monomerfolder/41.xyz,monomerfolder,41.xyz
/workspaces/PersistenceComparison/xyz_data/monomerfolder/42.xyz,monomerfolder,42.xyz
/workspaces/PersistenceComparison/xyz_data/monomerfolder/43.xyz,monomerfolder,43.xyz
/workspaces/PersistenceComparison/xyz_data/monomerfolder/44.xyz,monomerfolder,44.xyz
/workspaces/PersistenceComparison/xyz_data/monomerfolder/45.xyz,monomerfolder,45.xyz
/workspaces/PersistenceComparison/xyz_data/monomerfolder/46.xyz,monomerfolder,46.xyz
/workspaces/PersistenceComparison/xyz_data/monomerfolder/47.xyz,monomerfolder,47.xyz
/workspaces/PersistenceComparison/xyz_data/monomerfolder/48.xyz,monomerfolder,48.xyz
/workspaces/PersistenceComparison/xyz_data/monomerfolder/49.xyz,monomerfolder,49.xyz
/workspaces/PersistenceComparison/xyz_data/monomerfolder/50.xyz,monomerfolder,50.xyz
/workspaces/PersistenceComparison/xyz_data/monomerfolder/51.xyz,monomerfolder,51.xyz
/workspaces/PersistenceComparison/xyz_data/monomerfolder/52.xyz,monomerfolder,52.xyz
/workspaces/PersistenceComparison/xyz_data/monomerfolder/53.xyz,monomerfolder,53.xyz
/workspaces/PersistenceComparison/xyz_data/monomerfolder/54.xyz,monomerfolder,54.xyz
/workspaces/PersistenceComparison/xyz_data/monomerfolder/55.xyz,monomerfolder,55.xyz
/workspaces/PersistenceComparison/xyz_data/monomerfolder/56.xyz,monomerfolder,56.xyz
/workspaces/PersistenceComparison/xyz_data/monomerfolder/57.xyz,monomerfolder,57.xyz
/workspaces/PersistenceComparison/xyz_data/monomerfolder/58.xyz,monomerfolder,58.xyz
/workspaces/PersistenceComparison/xyz_data/monomerfolder/59.xyz,monomerfolder,59.xyz
/workspaces/PersistenceComparison/xyz_data/monomerfolder/60.xyz,monomerfolder,60.xyz
/workspaces/PersistenceComparison/xyz_data/monomerfolder/61.xyz,monomerfolder,61.xyz
/workspaces/PersistenceComparison/xyz_data/monomerfolder/62.xyz,monomerfolder,62.xyz
/workspaces/PersistenceComparison/xyz_data/monomerfolder/63.xyz,monomerfolder,63.xyz
/workspaces/PersistenceComparison/xyz_data/monomerfolder/64.xyz,monomerfolder,64.xyz
/workspaces/PersistenceComparison/xyz_data/monomerfolder/65.xyz,monomerfolder,65.xyz
/workspaces/PersistenceComparison/xyz_data/monomerfolder/66.xyz,monomerfolder,66.xyz
/workspaces/PersistenceComparison/xyz_data/monomerfolder/67.xyz,monomerfolder,67.xyz
/workspaces/PersistenceComparison/xyz_data/monomerfolder/68.xyz,monomerfolder,68.xyz
/workspaces/PersistenceComparison/xyz_data/monomerfolder/69.xyz,monomerfolder,69.xyz
/workspaces/PersistenceComparison/xyz_data/monomerfolder/70.xyz,monomerfolder,70.xyz
/workspaces/PersistenceComparison/xyz_data/monomerfolder/71.xyz,monomerfolder,71.xyz
/workspaces/PersistenceComparison/xyz_data/monomerfolder/72.xyz,monomerfolder,72.xyz
/workspaces/PersistenceComparison/xyz_data/monomerfolder/73.xyz,monomerfolder,73.xyz
/workspaces/PersistenceComparison/xyz_data/monomerfolder/74.xyz,monomerfolder,74.xyz
/workspaces/PersistenceComparison/xyz_data/monomerfolder/75.xyz,monomerfolder,75.xyz
/workspaces/PersistenceComparison/xyz_data/monomerfolder/76.xyz,monomerfolder,76.xyz
/workspaces/PersistenceComparison/xyz_data/monomerfolder/77.xyz,monomerfolder,77.xyz
/workspaces/PersistenceComparison/xyz_data/monomerfolder/78.xyz,monomerfolder,78.xyz
/workspaces/PersistenceComparison/xyz_data/monomerfolder/79.xyz,monomerfolder,79.xyz
/workspaces/PersistenceComparison/xyz_data/monomerfolder/80.xyz,monomerfolder,80.xyz
/workspaces/PersistenceComparison/xyz_data/monomerfolder/81.xyz,monomerfolder,81.xyz
/workspaces/PersistenceComparison/xyz_data/monomerfolder/82.xyz,monomerfolder,82.xyz
/workspaces/PersistenceComparison/xyz_data/monomerfolder/83.xyz,monomerfolder,83.xyz
/workspaces/PersistenceComparison/xyz_data/monomerfolder/84.xyz,monomerfolder,84.xyz
/workspaces/PersistenceComparison/xyz_data/monomerfolder/85.xyz,monomerfolder,85.xyz
/workspaces/PersistenceComparison/xyz_data/monomerfolder/86.xyz,monomerfolder,86.xyz
/workspaces/PersistenceComparison/xyz_data/monomerfolder/87.xyz,monomerfolder,87.xyz
/workspaces/PersistenceComparison/xyz_data/monomerfolder/88.xyz,monomerfolder,88.xyz
/workspaces/PersistenceComparison/xyz_data/monomerfolder/89.xyz,monomerfolder,89.xyz
/workspaces/PersistenceComparison/xyz_data/monomerfolder/90.xyz,monomerfolder,90.xyz
/workspaces/PersistenceComparison/xyz_data/monomerfolder/91.xyz,monomerfolder,91.xyz
/workspaces/PersistenceComparison/xyz_data/monomerfolder/92.xyz,monomerfolder,92.xyz
/workspaces/PersistenceComparison/xyz_data/monomerfolder/93.xyz,monomerfolder,93.xyz
/workspaces/PersistenceComparison/xyz_data/monomerfolder/94.xyz,monomerfolder,94.xyz
/workspaces/PersistenceComparison/xyz_data/monomerfolder/95.xyz,monomerfolder,95.xyz
/workspaces/PersistenceComparison/xyz_data/monomerfolder/96.xyz,monomerfolder,96.xyz
/workspaces/PersistenceComparison/xyz_data/monomerfolder/97.xyz,monomerfolder,97.xyz
/workspaces/PersistenceComparison/xyz_data/monomerfolder/98.xyz,monomerfolder,98.xyz
/workspaces/PersistenceComparison/xyz_data/monomerfolder/99.xyz,monomerfolder,99.xyz
/workspaces/PersistenceComparison/xyz_data/monomerfolder/100.xyz,monomerfolder,100.xyz
/workspaces/PersistenceComparison/xyz_data/monomerfolder/101.xyz,monomerfolder,101.xyz
/workspaces/PersistenceComparison/xyz_data/monomerfolder/102.xyz,monomerfolder,102.xyz
/workspaces/PersistenceComparison/xyz_data/monomerfolder/103.xyz,monomerfolder,103.xyz
/workspaces/PersistenceComparison/xyz_data/monomerfolder/104.xyz,monomerfolder,104.xyz
/workspaces/PersistenceComparison/xyz_data/monomerfolder/105.xyz,monomerfolder,105.xyz
/workspaces/PersistenceComparison/xyz_data/monomerfolder/106.xyz,monomerfolder,106.xyz
/workspaces/PersistenceComparison/xyz_data/monomerfolder/107.xyz,monomerfolder,107.xyz
/workspaces/PersistenceComparison/xyz_data/monomerfolder/108.xyz,monomerfolder,108.xyz
/workspaces/PersistenceComparison/xyz_data/monomerfolder/109.xyz,monomerfolder,109.xyz
/workspaces/PersistenceComparison/xyz_data/monomerfolder/110.xyz,monomerfolder,110.xyz
/workspaces/PersistenceComparison/xyz_data/monomerfolder/111.xyz,monomerfolder,111.xyz
/workspaces/PersistenceComparison/xyz_data/monomerfolder/112.xyz,monomerfolder,112.xyz
/workspaces/PersistenceComparison/xyz_data/monomerfolder/113.xyz,monomerfolder,113.xyz
/workspaces/PersistenceComparison/xyz_data/monomerfolder/114.xyz,monomerfolder,114.xyz
/workspaces/PersistenceComparison/xyz_data/monomerfolder/115.xyz,monomerfolder,115.xyz
/workspaces/PersistenceComparison/xyz_data/monomerfolder/116.xyz,monomerfolder,116.xyz
/workspaces/PersistenceComparison/xyz_data/monomerfolder/117.xyz,monomerfolder,117.xyz
/workspaces/PersistenceComparison/xyz_data/monomerfolder/118.xyz,monomerfolder,118.xyz
/workspaces/PersistenceComparison/xyz_data/monomerfolder/119.xyz,monomerfolder,119.xyz
/workspaces/PersistenceComparison/xyz_data/monomerfolder/120.xyz,monomerfolder,120.xyz
/workspaces/PersistenceComparison/xyz_data/monomerfolder/121.xyz,monomerfolder,121.xyz
/workspaces/PersistenceComparison/xyz_data/monomerfolder/122.xyz,monomerfolder,122.xyz
/workspaces/PersistenceComparison/xyz_data/monomerfolder/123.xyz,monomerfolder,123.xyz
/workspaces/PersistenceComparison/xyz_data/monomerfolder/124.xyz,monomerfolder,124.xyz
/workspaces/PersistenceComparison/xyz_data/monomerfolder/125.xyz,monomerfolder,125.xyz
/workspaces/PersistenceComparison/xyz_data/monomerfolder/126.xyz,monomerfolder,126.xyz
/workspaces/PersistenceComparison/xyz_data/monomerfolder/127.xyz,monomerfolder,127.xyz
/workspaces/PersistenceComparison/xyz_data/monomerfolder/128.xyz,monomerfolder,128.xyz
/workspaces/PersistenceComparison/xyz_data/monomerfolder/129.xyz,monomerfolder,129.xyz
/workspaces/PersistenceComparison/xyz_data/monomerfolder/130.xyz,monomerfolder,130.xyz
/workspaces/PersistenceComparison/xyz_data/monomerfolder/131.xyz,monomerfolder,131.xyz
/workspaces/PersistenceComparison/xyz_data/monomerfolder/132.xyz,monomerfolder,132.xyz
/workspaces/PersistenceComparison/xyz_data/monomerfolder/133.xyz,monomerfolder,133.xyz
/workspaces/PersistenceComparison/xyz_data/monomerfolder/134.xyz,monomerfolder,134.xyz
/workspaces/PersistenceComparison/xyz_data/monomerfolder/135.xyz,monomerfolder,135.xyz
/workspaces/PersistenceComparison/xyz_data/monomerfolder/136.xyz,monomerfolder,136.xyz
/workspaces/PersistenceComparison/xyz_data/monomerfolder/137.xyz,monomerfolder,137.xyz
/workspaces/PersistenceComparison/xyz_data/monomerfolder/138.xyz,monomerfolder,138.xyz
/workspaces/PersistenceComparison/xyz_data/monomerfolder/139.xyz,monomerfolder,139.xyz
/workspaces/PersistenceComparison/xyz_data/monomerfolder/140.xyz,monomerfolder,140.xyz
/workspaces/PersistenceComparison/xyz_data/monomerfolder/141.xyz,monomerfolder,141.xyz
/workspaces/PersistenceComparison/xyz_data/monomerfolder/142.xyz,monomerfolder,142.xyz
/workspaces/PersistenceComparison/xyz_data/monomerfolder/143.xyz,monomerfolder,143.xyz
/workspaces/PersistenceComparison/xyz_data/monomerfolder/144.xyz,monomerfolder,144.xyz
/workspaces/PersistenceComparison/xyz_data/monomerfolder/145.xyz,monomerfolder,145.xyz
/workspaces/PersistenceComparison/xyz_data/monomerfolder/146.xyz,monomerfolder,146.xyz
/workspaces/PersistenceComparison/xyz_data/monomerfolder/147.xyz,monomerfolder,147.xyz
/workspaces/PersistenceComparison/xyz_data/monomerfolder/148.xyz,monomerfolder,148.xyz
/workspaces/PersistenceComparison/xyz_data/monomerfolder/149.xyz,monomerfolder,149.xyz
/workspaces/PersistenceComparison/xyz_data/monomerfolder/150.xyz,monomerfolder,150.xyz
/workspaces/PersistenceComparison/xyz_data/monomerfolder/151.xyz,monomerfolder,151.xyz
/workspaces/PersistenceComparison/xyz_data/monomerfolder/152.xyz,monomerfolder,152.xyz
/workspaces/PersistenceComparison/xyz_data/monomerfolder/153.xyz,monomerfolder,153.xyz
/workspaces/PersistenceComparison/xyz_data/monomerfolder/154.xyz,monomerfolder,154.xyz
/workspaces/PersistenceComparison/xyz_data/monomerfolder/155.xyz,monomerfolder,155.xyz
/workspaces/PersistenceComparison/xyz_data/monomerfolder/156.xyz,monomerfolder,156.xyz
/workspaces/PersistenceComparison/xyz_data/monomerfolder/157.xyz,monomerfolder,157.xyz
/workspaces/PersistenceComparison/xyz_data/monomerfolder/158.xyz,monomerfolder,158.xyz
/workspaces/PersistenceComparison/xyz_data/monomerfolder/159.xyz,monomerfolder,159.xyz
/workspaces/PersistenceComparison/xyz_data/monomerfolder/160.xyz,monomerfolder,160.xyz
/workspaces/PersistenceComparison/xyz_data/monomerfolder/161.xyz,monomerfolder,161.xyz
/workspaces/PersistenceComparison/xyz_data/monomerfolder/162.xyz,monomerfolder,162.xyz
/workspaces/PersistenceComparison/xyz_data/monomerfolder/163.xyz,monomerfolder,163.xyz
/workspaces/PersistenceComparison/xyz_data/monomerfolder/164.xyz,monomerfolder,164.xyz
/workspaces/PersistenceComparison/xyz_data/monomerfolder/165.xyz,monomerfolder,165.xyz
/workspaces/PersistenceComparison/xyz_data/monomerfolder/166.xyz,monomerfolder,166.xyz
/workspaces/PersistenceComparison/xyz_data/monomerfolder/167.xyz,monomerfolder,167.xyz
/workspaces/PersistenceComparison/xyz_data/monomerfolder/168.xyz,monomerfolder,168.xyz
/workspaces/PersistenceComparison/xyz_data/monomerfolder/169.xyz,monomerfolder,169.xyz
/workspaces/PersistenceComparison/xyz_data/monomerfolder/170.xyz,monomerfolder,170.xyz
/workspaces/PersistenceComparison/xyz_data/monomerfolder/171.xyz,monomerfolder,171.xyz
/workspaces/PersistenceComparison/xyz_data/monomerfolder/172.xyz,monomerfolder,172.xyz
/workspaces/PersistenceComparison/xyz_data/monomerfolder/173.xyz,monomerfolder,173.xyz
/workspaces/PersistenceComparison/xyz_data/monomerfolder/174.xyz,monomerfolder,174.xyz
/workspaces/PersistenceComparison/xyz_data/monomerfolder/175.xyz,monomerfolder,175.xyz
/workspaces/PersistenceComparison/xyz_data/monomerfolder/176.xyz,monomerfolder,176.xyz
/workspaces/PersistenceComparison/xyz_data/monomerfolder/177.xyz,monomerfolder,177.xyz
/workspaces/PersistenceComparison/xyz_data/monomerfolder/178.xyz,monomerfolder,178.xyz
/workspaces/PersistenceComparison/xyz_data/monomerfolder/179.xyz,monomerfolder,179.xyz
/workspaces/PersistenceComparison/xyz_data/monomerfolder/180.xyz,monomerfolder,180.xyz
/workspaces/PersistenceComparison/xyz_data/monomerfolder/181.xyz,monomerfolder,181.xyz
/workspaces/PersistenceComparison/xyz_data/monomerfolder/182.xyz,monomerfolder,182.xyz
/workspaces/PersistenceComparison/xyz_data/monomerfolder/183.xyz,monomerfolder,183.xyz
/workspaces/PersistenceComparison/xyz_data/monomerfolder/184.xyz,monomerfolder,184.xyz
/workspaces/PersistenceComparison/xyz_data/monomerfolder/185.xyz,monomerfolder,185.xyz
/workspaces/PersistenceComparison/xyz_data/monomerfolder/186.xyz,monomerfolder,186.xyz
/workspaces/PersistenceComparison/xyz_data/monomerfolder/187.xyz,monomerfolder,187.xyz
/workspaces/PersistenceComparison/xyz_data/monomerfolder/188.xyz,monomerfolder,188.xyz
/workspaces/PersistenceComparison/xyz_data/monomerfolder/189.xyz,monomerfolder,189.xyz
/workspaces/PersistenceComparison/xyz_data/monomerfolder/190.xyz,monomerfolder,190.xyz
/workspaces/PersistenceComparison/xyz_data/monomerfolder/191.xyz,monomerfolder,191.xyz
/workspaces/PersistenceComparison/xyz_data/monomerfolder/192.xyz,monomerfolder,192.xyz
/workspaces/PersistenceComparison/xyz_data/monomerfolder/193.xyz,monomerfolder,193.xyz
/workspaces/PersistenceComparison/xyz_data/monomerfolder/194.xyz,monomerfolder,194.xyz
/workspaces/PersistenceComparison/xyz_data/monomerfolder/195.xyz,monomerfolder,195.xyz
/workspaces/PersistenceComparison/xyz_data/monomerfolder/196.xyz,monomerfolder,196.xyz
/workspaces/PersistenceComparison/xyz_data/monomerfolder/197.xyz,monomerfolder,197.xyz
/workspaces/PersistenceComparison/xyz_data/monomerfolder/198.xyz,monomerfolder,198.xyz
/workspaces/PersistenceComparison/xyz_data/monomerfolder/199.xyz,monomerfolder,199.xyz
/workspaces/PersistenceComparison/xyz_data/monomerfolder/200.xyz,monomerfolder,200.xyz
/workspaces/PersistenceComparison/xyz_data/monomerfolder/201.xyz,monomerfolder,201.xyz
/workspaces/PersistenceComparison/xyz_data/monomerfolder/202.xyz,monomerfolder,202.xyz
/workspaces/PersistenceComparison/xyz_data/monomerfolder/203.xyz,monomerfolder,203.xyz
/workspaces/PersistenceComparison/xyz_data/monomerfolder/204.xyz,monomerfolder,204.xyz
/workspaces/PersistenceComparison/xyz_data/monomerfolder/205.xyz,monomerfolder,205.xyz
/workspaces/PersistenceComparison/xyz_data/monomerfolder/206.xyz,monomerfolder,206.xyz
/workspaces/PersistenceComparison/xyz_data/monomerfolder/207.xyz,monomerfolder,207.xyz
/workspaces/PersistenceComparison/xyz_data/monomerfolder/208.xyz,monomerfolder,208.xyz
/workspaces/PersistenceComparison/xyz_data/monomerfolder/209.xyz,monomerfolder,209.xyz
/workspaces/PersistenceComparison/xyz_data/monomerfolder/210.xyz,monomerfolder,210.xyz
/workspaces/PersistenceComparison/xyz_data/monomerfolder/211.xyz,monomerfolder,211.xyz
/workspaces/PersistenceComparison/xyz_data/monomerfolder/212.xyz,monomerfolder,212.xyz
/workspaces/PersistenceComparison/xyz_data/monomerfolder/213.xyz,monomerfolder,213.xyz
/workspaces/PersistenceComparison/xyz_data/monomerfolder/214.xyz,monomerfolder,214.xyz
/workspaces/PersistenceComparison/xyz_data/monomerfolder/215.xyz,monomerfolder,215.xyz
/workspaces/PersistenceComparison/xyz_data/monomerfolder/216.xyz,monomerfolder,216.xyz
/workspaces/PersistenceComparison/xyz_data/monomerfolder/217.xyz,monomerfolder,217.xyz
/workspaces/PersistenceComparison/xyz_data/monomerfolder/218.xyz,monomerfolder,218.xyz
/workspaces/PersistenceComparison/xyz_data/n2folder/1.xyz,n2folder,1.xyz
/workspaces/PersistenceComparison/xyz_data/n2folder/2.xyz,n2folder,2.xyz
/workspaces/PersistenceComparison/xyz_data/n2folder/3.xyz,n2folder,3.xyz
/workspaces/PersistenceComparison/xyz_data/n2folder/4.xyz,n2folder,4.xyz
/workspaces/PersistenceComparison/xyz_data/n2folder/5.xyz,n2folder,5.xyz
/workspaces/PersistenceComparison/xyz_data/n2folder/6.xyz,n2folder,6.xyz
/workspaces/PersistenceComparison/xyz_data/n2folder/7.xyz,n2folder,7.xyz
/workspaces/PersistenceComparison/xyz_data/n2folder/8.xyz,n2folder,8.xyz
/workspaces/PersistenceComparison/xyz_data/n2folder/9.xyz,n2folder,9.xyz
/workspaces/PersistenceComparison/xyz_data/n2folder/10.xyz,n2folder,10.xyz
/workspaces/PersistenceComparison/xyz_data/n2folder/11.xyz,n2folder,11.xyz
/workspaces/PersistenceComparison/xyz_data/n2folder/12.xyz,n2folder,12.xyz
/workspaces/PersistenceComparison/xyz_data/n2folder/13.xyz,n2folder,13.xyz
/workspaces/PersistenceComparison/xyz_data/n2folder/14.xyz,n2folder,14.xyz
/workspaces/PersistenceComparison/xyz_data/n2folder/15.xyz,n2folder,15.xyz
/workspaces/PersistenceComparison/xyz_data/n2folder/16.xyz,n2folder,16.xyz
/workspaces/PersistenceComparison/xyz_data/n2folder/17.xyz,n2folder,17.xyz
/workspaces/PersistenceComparison/xyz_data/n2folder/18.xyz,n2folder,18.xyz
/workspaces/PersistenceComparison/xyz_data/n2folder/19.xyz,n2folder,19.xyz
/workspaces/PersistenceComparison/xyz_data/n2folder/20.xyz,n2folder,20.xyz
/workspaces/PersistenceComparison/xyz_data/n2folder/21.xyz,n2folder,21.xyz
/workspaces/PersistenceComparison/xyz_data/n2folder/22.xyz,n2folder,22.xyz
/workspaces/PersistenceComparison/xyz_data/n2folder/23.xyz,n2folder,23.xyz
/workspaces/PersistenceComparison/xyz_data/n2folder/24.xyz,n2folder,24.xyz
/workspaces/PersistenceComparison/xyz_data/n2folder/25.xyz,n2folder,25.xyz
/workspaces/PersistenceComparison/xyz_data/n2folder/26.xyz,n2folder,26.xyz
/workspaces/PersistenceComparison/xyz_data/n2folder/27.xyz,n2folder,27.xyz
/workspaces/PersistenceComparison/xyz_data/n2folder/28.xyz,n2folder,28.xyz
/workspaces/PersistenceComparison/xyz_data/n2folder/29.xyz,n2folder,29.xyz
/workspaces/PersistenceComparison/xyz_data/n2folder/30.xyz,n2folder,30.xyz
/workspaces/PersistenceComparison/xyz_data/n2folder/31.xyz,n2folder,31.xyz
/workspaces/PersistenceComparison/xyz_data/n2folder/32.xyz,n2folder,32.xyz
/workspaces/PersistenceComparison/xyz_data/n2folder/33.xyz,n2folder,33.xyz
/workspaces/PersistenceComparison/xyz_data/n2folder/34.xyz,n2folder,34.xyz
/workspaces/PersistenceComparison/xyz_data/n2folder/35.xyz,n2folder,35.xyz
/workspaces/PersistenceComparison/xyz_data/n2folder/36.xyz,n2folder,36.xyz
/workspaces/PersistenceComparison/xyz_data/n2folder/37.xyz,n2folder,37.xyz
/workspaces/PersistenceComparison/xyz_data/n2folder/38.xyz,n2folder,38.xyz
/workspaces/PersistenceComparison/xyz_data/n2folder/39.xyz,n2folder,39.xyz
/workspaces/PersistenceComparison/xyz_data/n2folder/40.xyz,n2folder,40.xyz
/workspaces/PersistenceComparison/xyz_data/n2folder/41.xyz,n2folder,41.xyz
/workspaces/PersistenceComparison/xyz_data/n2folder/42.xyz,n2folder,42.xyz
/workspaces/PersistenceComparison/xyz_data/n2folder/43.xyz,n2folder,43.xyz
/workspaces/PersistenceComparison/xyz_data/n2folder/44.xyz,n2folder,44.xyz
/workspaces/PersistenceComparison/xyz_data/n2folder/45.xyz,n2folder,45.xyz
/workspaces/PersistenceComparison/xyz_data/n2folder/46.xyz,n2folder,46.xyz
/workspaces/PersistenceComparison/xyz_data/n2folder/47.xyz,n2folder,47.xyz
/workspaces/PersistenceComparison/xyz_data/n2folder/48.xyz,n2folder,48.xyz
/workspaces/PersistenceComparison/xyz_data/n2folder/49.xyz,n2folder,49.xyz
/workspaces/PersistenceComparison/xyz_data/n2folder/50.xyz,n2folder,50.xyz
/workspaces/PersistenceComparison/xyz_data/n2folder/51.xyz,n2folder,51.xyz
/workspaces/PersistenceComparison/xyz_data/n2folder/52.xyz,n2folder,52.xyz
/workspaces/PersistenceComparison/xyz_data/n2folder/53.xyz,n2folder,53.xyz
/workspaces/PersistenceComparison/xyz_data/n2folder/54.xyz,n2folder,54.xyz
/workspaces/PersistenceComparison/xyz_data/n2folder/55.xyz,n2folder,55.xyz
/workspaces/PersistenceComparison/xyz_data/n2folder/56.xyz,n2folder,56.xyz
/workspaces/PersistenceComparison/xyz_data/n2folder/57.xyz,n2folder,57.xyz
/workspaces/PersistenceComparison/xyz_data/n2folder/58.xyz,n2folder,58.xyz
/workspaces/PersistenceComparison/xyz_data/n2folder/59.xyz,n2folder,59.xyz
/workspaces/PersistenceComparison/xyz_data/n2folder/60.xyz,n2folder,60.xyz
/workspaces/PersistenceComparison/xyz_data/n2folder/61.xyz,n2folder,61.xyz
/workspaces/PersistenceComparison/xyz_data/n2folder/62.xyz,n2folder,62.xyz
/workspaces/PersistenceComparison/xyz_data/n2folder/63.xyz,n2folder,63.xyz
/workspaces/PersistenceComparison/xyz_data/n2folder/64.xyz,n2folder,64.xyz
/workspaces/PersistenceComparison/xyz_data/n2folder/65.xyz,n2folder,65.xyz
/workspaces/PersistenceComparison/xyz_data/n2folder/66.xyz,n2folder,66.xyz
/workspaces/PersistenceComparison/xyz_data/n2folder/67.xyz,n2folder,67.xyz
/workspaces/PersistenceComparison/xyz_data/n2folder/68.xyz,n2folder,68.xyz
/workspaces/PersistenceComparison/xyz_data/n2folder/69.xyz,n2folder,69.xyz
/workspaces/PersistenceComparison/xyz_data/n2folder/70.xyz,n2folder,70.xyz
/workspaces/PersistenceComparison/xyz_data/n2folder/71.xyz,n2folder,71.xyz
/workspaces/PersistenceComparison/xyz_data/n2folder/72.xyz,n2folder,72.xyz
/workspaces/PersistenceComparison/xyz_data/n2folder/73.xyz,n2folder,73.xyz
/workspaces/PersistenceComparison/xyz_data/n2folder/74.xyz,n2folder,74.xyz
/workspaces/PersistenceComparison/xyz_data/n2folder/75.xyz,n2folder,75.xyz
/workspaces/PersistenceComparison/xyz_data/n2folder/76.xyz,n2folder,76.xyz
/workspaces/PersistenceComparison/xyz_data/n2folder/77.xyz,n2folder,77.xyz
/workspaces/PersistenceComparison/xyz_data/n2folder/78.xyz,n2folder,78.xyz
/workspaces/PersistenceComparison/xyz_data/n2folder/79.xyz,n2folder,79.xyz
/workspaces/PersistenceComparison/xyz_data/n2folder/80.xyz,n2folder,80.xyz
/workspaces/PersistenceComparison/xyz_data/n2folder/81.xyz,n2folder,81.xyz
/workspaces/PersistenceComparison/xyz_data/n2folder/82.xyz,n2folder,82.xyz
/workspaces/PersistenceComparison/xyz_data/n2folder/83.xyz,n2folder,83.xyz
/workspaces/PersistenceComparison/xyz_data/n2folder/84.xyz,n2folder,84.xyz
/workspaces/PersistenceComparison/xyz_data/n2folder/85.xyz,n2folder,85.xyz
/workspaces/PersistenceComparison/xyz_data/n2folder/86.xyz,n2folder,86.xyz
/workspaces/PersistenceComparison/xyz_data/n2folder/87.xyz,n2folder,87.xyz
/workspaces/PersistenceComparison/xyz_data/n2folder/88.xyz,n2folder,88.xyz
/workspaces/PersistenceComparison/xyz_data/n2folder/89.xyz,n2folder,89.xyz
/workspaces/PersistenceComparison/xyz_data/n2folder/90.xyz,n2folder,90.xyz
/workspaces/PersistenceComparison/xyz_data/n2folder/91.xyz,n2folder,91.xyz
/workspaces/PersistenceComparison/xyz_data/n2folder/92.xyz,n2folder,92.xyz
/workspaces/PersistenceComparison/xyz_data/n2folder/93.xyz,n2folder,93.xyz
/workspaces/PersistenceComparison/xyz_data/n2folder/94.xyz,n2folder,94.xyz
/workspaces/PersistenceComparison/xyz_data/n2folder/95.xyz,n2folder,95.xyz
/workspaces/PersistenceComparison/xyz_data/n2folder/96.xyz,n2folder,96.xyz
/workspaces/PersistenceComparison/xyz_data/n2folder/97.xyz,n2folder,97.xyz
/workspaces/PersistenceComparison/xyz_data/n2folder/98.xyz,n2folder,98.xyz
/workspaces/PersistenceComparison/xyz_data/n2folder/99.xyz,n2folder,99.xyz
/workspaces/PersistenceComparison/xyz_data/n2folder/100.xyz,n2folder,100.xyz
/workspaces/PersistenceComparison/xyz_data/n2folder/101.xyz,n2folder,101.xyz
/workspaces/PersistenceComparison/xyz_data/n2folder/102.xyz,n2folder,102.xyz
/workspaces/PersistenceComparison/xyz_data/n2folder/103.xyz,n2folder,103.xyz
/workspaces/PersistenceComparison/xyz_data/n2folder/104.xyz,n2folder,104.xyz
/workspaces/PersistenceComparison/xyz_data/n2folder/105.xyz,n2folder,105.xyz
/workspaces/PersistenceComparison/xyz_data/n2folder/106.xyz,n2folder,106.xyz
/workspaces/PersistenceComparison/xyz_data/n2folder/107.xyz,n2folder,107.xyz
/workspaces/PersistenceComparison/xyz_data/n2folder/108.xyz,n2folder,108.xyz
/workspaces/PersistenceComparison/xyz_data/n2folder/109.xyz,n2folder,109.xyz
/workspaces/PersistenceComparison/xyz_data/n2folder/110.xyz,n2folder,110.xyz
/workspaces/PersistenceComparison/xyz_data/n2folder/111.xyz,n2folder,111.xyz
/workspaces/PersistenceComparison/xyz_data/n2folder/112.xyz,n2folder,112.xyz
/workspaces/PersistenceComparison/xyz_data/n2folder/113.xyz,n2folder,113.xyz
/workspaces/PersistenceComparison/xyz_data/n2folder/114.xyz,n2folder,114.xyz
/workspaces/PersistenceComparison/xyz_data/n2folder/115.xyz,n2folder,115.xyz
/workspaces/PersistenceComparison/xyz_data/n2folder/116.xyz,n2folder,116.xyz
/workspaces/PersistenceComparison/xyz_data/n2folder/117.xyz,n2folder,117.xyz
/workspaces/PersistenceComparison/xyz_data/n2folder/118.xyz,n2folder,118.xyz
/workspaces/PersistenceComparison/xyz_data/n2folder/119.xyz,n2folder,119.xyz
/workspaces/PersistenceComparison/xyz_data/n2folder/120.xyz,n2folder,120.xyz
/workspaces/PersistenceComparison/xyz_data/n2folder/121.xyz,n2folder,121.xyz
/workspaces/PersistenceComparison/xyz_data/n2folder/122.xyz,n2folder,122.xyz
/workspaces/PersistenceComparison/xyz_data/n2folder/123.xyz,n2folder,123.xyz
/workspaces/PersistenceComparison/xyz_data/n2folder/124.xyz,n2folder,124.xyz
/workspaces/PersistenceComparison/xyz_data/n2folder/125.xyz,n2folder,125.xyz
/workspaces/PersistenceComparison/xyz_data/n2folder/126.xyz,n2folder,126.xyz
/workspaces/PersistenceComparison/xyz_data/n2folder/127.xyz,n2folder,127.xyz
/workspaces/PersistenceComparison/xyz_data/n2folder/128.xyz,n2folder,128.xyz
/workspaces/PersistenceComparison/xyz_data/n2folder/129.xyz,n2folder,129.xyz
/workspaces/PersistenceComparison/xyz_data/n2folder/130.xyz,n2folder,130.xyz
/workspaces/PersistenceComparison/xyz_data/n2folder/131.xyz,n2folder,131.xyz
/workspaces/PersistenceComparison/xyz_data/n2folder/132.xyz,n2folder,132.xyz
/workspaces/PersistenceComparison/xyz_data/n2folder/133.xyz,n2folder,133.xyz
/workspaces/PersistenceComparison/xyz_data/n2folder/134.xyz,n2folder,134.xyz
/workspaces/PersistenceComparison/xyz_data/n2folder/135.xyz,n2folder,135.xyz
/workspaces/PersistenceComparison/xyz_data/n2folder/136.xyz,n2folder,136.xyz
/workspaces/PersistenceComparison/xyz_data/n2folder/137.xyz,n2folder,137.xyz
/workspaces/PersistenceComparison/xyz_data/n2folder/138.xyz,n2folder,138.xyz
/workspaces/PersistenceComparison/xyz_data/n2folder/139.xyz,n2folder,139.xyz
/workspaces/PersistenceComparison/xyz_data/n2folder/140.xyz,n2folder,140.xyz
/workspaces/PersistenceComparison/xyz_data/n2folder/141.xyz,n2folder,141.xyz
/workspaces/PersistenceComparison/xyz_data/n2folder/142.xyz,n2folder,142.xyz
/workspaces/PersistenceComparison/xyz_data/n2folder/143.xyz,n2folder,143.xyz
/workspaces/PersistenceComparison/xyz_data/n2folder/144.xyz,n2folder,144.xyz
/workspaces/PersistenceComparison/xyz_data/n2folder/145.xyz,n2folder,145.xyz
/workspaces/PersistenceComparison/xyz_data/n2folder/146.xyz,n2folder,146.xyz
/workspaces/PersistenceComparison/xyz_data/n2folder/147.xyz,n2folder,147.xyz
/workspaces/PersistenceComparison/xyz_data/n2folder/148.xyz,n2folder,148.xyz
/workspaces/PersistenceComparison/xyz_data/n2folder/149.xyz,n2folder,149.xyz
/workspaces/PersistenceComparison/xyz_data/n2folder/150.xyz,n2folder,150.xyz
/workspaces/PersistenceComparison/xyz_data/n2folder/151.xyz,n2folder,151.xyz
/workspaces/PersistenceComparison/xyz_data/n2folder/152.xyz,n2folder,152.xyz
/workspaces/PersistenceComparison/xyz_data/n2folder/153.xyz,n2folder,153.xyz
/workspaces/PersistenceComparison/xyz_data/n2folder/154.xyz,n2folder,154.xyz
/workspaces/PersistenceComparison/xyz_data/n2folder/155.xyz,n2folder,155.xyz
/workspaces/PersistenceComparison/xyz_data/n2folder/156.xyz,n2folder,156.xyz
/workspaces/PersistenceComparison/xyz_data/n2folder/157.xyz,n2folder,157.xyz
/workspaces/PersistenceComparison/xyz_data/n2folder/158.xyz,n2folder,158.xyz
/workspaces/PersistenceComparison/xyz_data/n2folder/159.xyz,n2folder,159.xyz
/workspaces/PersistenceComparison/xyz_data/n2folder/160.xyz,n2folder,160.xyz
/workspaces/PersistenceComparison/xyz_data/n2folder/161.xyz,n2folder,161.xyz
/workspaces/PersistenceComparison/xyz_data/n2folder/162.xyz,n2folder,162.xyz
/workspaces/PersistenceComparison/xyz_data/n2folder/163.xyz,n2folder,163.xyz
/workspaces/PersistenceComparison/xyz_data/n2folder/164.xyz,n2folder,164.xyz
/workspaces/PersistenceComparison/xyz_data/n2folder/165.xyz,n2folder,165.xyz
/workspaces/PersistenceComparison/xyz_data/n2folder/166.xyz,n2folder,166.xyz
/workspaces/PersistenceComparison/xyz_data/n2folder/167.xyz,n2folder,167.xyz
/workspaces/PersistenceComparison/xyz_data/n2folder/168.xyz,n2folder,168.xyz
/workspaces/PersistenceComparison/xyz_data/n2folder/169.xyz,n2folder,169.xyz
/workspaces/PersistenceComparison/xyz_data/n2folder/170.xyz,n2folder,170.xyz
/workspaces/PersistenceComparison/xyz_data/n2folder/171.xyz,n2folder,171.xyz
/workspaces/PersistenceComparison/xyz_data/n2folder/172.xyz,n2folder,172.xyz
/workspaces/PersistenceComparison/xyz_data/n2folder/173.xyz,n2folder,173.xyz
/workspaces/PersistenceComparison/xyz_data/n2folder/174.xyz,n2folder,174.xyz
/workspaces/PersistenceComparison/xyz_data/n2folder/175.xyz,n2folder,175.xyz
/workspaces/PersistenceComparison/xyz_data/n2folder/176.xyz,n2folder,176.xyz
/workspaces/PersistenceComparison/xyz_data/n2folder/177.xyz,n2folder,177.xyz
/workspaces/PersistenceComparison/xyz_data/n2folder/178.xyz,n2folder,178.xyz
/workspaces/PersistenceComparison/xyz_data/n2folder/179.xyz,n2folder,179.xyz
/workspaces/PersistenceComparison/xyz_data/n2folder/180.xyz,n2folder,180.xyz
/workspaces/PersistenceComparison/xyz_data/n2folder/181.xyz,n2folder,181.xyz
/workspaces/PersistenceComparison/xyz_data/n2folder/182.xyz,n2folder,182.xyz
/workspaces/PersistenceComparison/xyz_data/n2folder/183.xyz,n2folder,183.xyz
/workspaces/PersistenceComparison/xyz_data/n2folder/184.xyz,n2folder,184.xyz
/workspaces/PersistenceComparison/xyz_data/n2folder/185.xyz,n2folder,185.xyz
/workspaces/PersistenceComparison/xyz_data/n2folder/186.xyz,n2folder,186.xyz
/workspaces/PersistenceComparison/xyz_data/n2folder/187.xyz,n2folder,187.xyz
/workspaces/PersistenceComparison/xyz_data/n2folder/188.xyz,n2folder,188.xyz
/workspaces/PersistenceComparison/xyz_data/n2folder/189.xyz,n2folder,189.xyz
/workspaces/PersistenceComparison/xyz_data/n2folder/190.xyz,n2folder,190.xyz
/workspaces/PersistenceComparison/xyz_data/n2folder/191.xyz,n2folder,191.xyz
/workspaces/PersistenceComparison/xyz_data/n2folder/192.xyz,n2folder,192.xyz
/workspaces/PersistenceComparison/xyz_data/n2folder/193.xyz,n2folder,193.xyz
/workspaces/PersistenceComparison/xyz_data/n2folder/194.xyz,n2folder,194.xyz
/workspaces/PersistenceComparison/xyz_data/n2folder/195.xyz,n2folder,195.xyz
/workspaces/PersistenceComparison/xyz_data/n2folder/196.xyz,n2folder,196.xyz
/workspaces/PersistenceComparison/xyz_data/n2folder/197.xyz,n2folder,197.xyz
/workspaces/PersistenceComparison/xyz_data/n2folder/198.xyz,n2folder,198.xyz
/workspaces/PersistenceComparison/xyz_data/n2folder/199.xyz,n2folder,199.xyz
/workspaces/PersistenceComparison/xyz_data/n2folder/200.xyz,n2folder,200.xyz
/workspaces/PersistenceComparison/xyz_data/n2folder/201.xyz,n2folder,201.xyz
/workspaces/PersistenceComparison/xyz_data/n2folder/202.xyz,n2folder,202.xyz
/workspaces/PersistenceComparison/xyz_data/n2folder/203.xyz,n2folder,203.xyz
/workspaces/PersistenceComparison/xyz_data/n2folder/204.xyz,n2folder,204.xyz
/workspaces/PersistenceComparison/xyz_data/n2folder/205.xyz,n2folder,205.xyz
/workspaces/PersistenceComparison/xyz_data/n2folder/206.xyz,n2folder,206.xyz
/workspaces/PersistenceComparison/xyz_data/n2folder/207.xyz,n2folder,207.xyz
/workspaces/PersistenceComparison/xyz_data/n2folder/208.xyz,n2folder,208.xyz
/workspaces/PersistenceComparison/xyz_data/n2folder/209.xyz,n2folder,209.xyz
/workspaces/PersistenceComparison/xyz_data/n2folder/210.xyz,n2folder,210.xyz
/workspaces/PersistenceComparison/xyz_data/n2folder/211.xyz,n2folder,211.xyz
/workspaces/PersistenceComparison/xyz_data/n2folder/212.xyz,n2folder,212.xyz
/workspaces/PersistenceComparison/xyz_data/n2folder/213.xyz,n2folder,213.xyz
/workspaces/PersistenceComparison/xyz_data/n2folder/214.xyz,n2folder,214.xyz
/workspaces/PersistenceComparison/xyz_data/n2folder/215.xyz,n2folder,215.xyz
/workspaces/PersistenceComparison/xyz_data/n2folder/216.xyz,n2folder,216.xyz
/workspaces/PersistenceComparison/xyz_data/n2folder/217.xyz,n2folder,217.xyz
/workspaces/PersistenceComparison/xyz_data/n2folder/218.xyz,n2folder,218.xyz
